horizon,previous_rmse,current_rmse,pct_change,status
1,0.5509252024885476,0.5509252024885476,0.0,pass
3,0.6938947149438298,0.6938947149438298,0.0,pass
7,1.0288947837791993,1.0288947837791993,0.0,pass
