horizon,previous_rmse,current_rmse,pct_change,status
1,0.4560735106638094,0.5522303595730502,0.2108362942835371,fail
3,0.5710213251615174,0.695105093200989,0.21730146068428122,fail
7,0.8392430131431479,1.0316713903483097,0.2292880300361103,fail
